{
  "project_info": {
    "project_number": "408625794290",
    "firebase_url": "https://pregnacare-web-default-rtdb.firebaseio.com",
    "project_id": "pregnacare-web",
    "storage_bucket": "pregnacare-web.firebasestorage.app"
  },
  "client": [
    {
      "client_info": {
        "mobilesdk_app_id": "1:408625794290:android:01628b0d61ae817aacd46b",
        "android_client_info": {
          "package_name": "com.web_pregnacare"
        }
      },
      "oauth_client": [
        {
          "client_id": "408625794290-ukl7pdd5bb5oa6fvfa1ssdfp5301re5d.apps.googleusercontent.com",
          "client_type": 3
        }
      ],
      "api_key": [
        {
          "current_key": "AIzaSyDm1wBsB3nQv-IW3fnmjIk2K3Va090hWFw"
        }
      ],
      "services": {
        "appinvite_service": {
          "other_platform_oauth_client": [
            {
              "client_id": "408625794290-ukl7pdd5bb5oa6fvfa1ssdfp5301re5d.apps.googleusercontent.com",
              "client_type": 3
            }
          ]
        }
      }
    }
  ],
  "configuration_version": "1"
}